match_id,team_tag,region,team_slot,score_gap_scaled,xp_gap_scaled,gold_adv_scaled,total_dmg_scaled,total_heal_scaled,total_kda_scaled,total_wards_scaled,total_score
4967600837,KG,China,radiant,0.227272727,0.187096065,0.219536305,0.508568498,0.082969679,0.097222222,0.6,1.922665496
4967600837,TNC,Southeast Asia,dire,0.772727273,0.812903935,0.780463695,0.653933779,0.026615755,0.416666667,0.6,4.063311103
4967601481,PSG.LGD,China,radiant,0.712121212,0.580107749,0.569728046,0.217540613,0.001222632,0.763888889,0.35,3.19460914
4967601481,CHAOS,Europe,dire,0.287878788,0.419892251,0.430271954,0.129436163,0.031938906,0.041666667,0.275,1.616084728
4967601727,Liquid,Europe,radiant,0.136363636,0.090407855,0.416939488,0.366700487,0.0323151,0.055555556,0.525,1.623282123
4967601727,Newbee,North America,dire,0.863636364,0.909592145,0.583060512,0.420672175,0.09299526,0.5,0.55,3.919956455
4967602648,Secret,Europe,radiant,0.333333333,0.473309101,0.41415918,0.577707411,0.021706418,0.180555556,0.5,2.500770999
4967602648,Alliance,Europe,dire,0.666666667,0.526690899,0.58584082,0.58433773,0.400308479,0.263888889,0.55,3.577733484
4967642360,CHAOS,Europe,radiant,0.257575758,0.33719806,0.384777297,0.206290626,0.088029494,0.055555556,0.4,1.72942679
4967642360,PSG.LGD,China,dire,0.742424242,0.66280194,0.615222703,0.281141872,0.138439546,0.625,0.425,3.490030303
4967652141,Secret,Europe,radiant,0.681818182,0.523765942,0.519172945,0.156016903,0.009687006,0.611111111,0.25,2.751572089
4967652141,Alliance,Europe,dire,0.318181818,0.476234058,0.480827055,0.102312807,0.006583402,0.055555556,0.225,1.664694696
4967654870,Newbee,North America,radiant,0.863636364,0.837167187,0.626741996,0.338510483,0.360714017,0.708333333,0.5,4.235103379
4967654870,Liquid,Europe,dire,0.136363636,0.162832813,0.373258004,0.313780583,0.019486871,0.055555556,0.475,1.536277462
4967655141,KG,China,radiant,0.454545455,0.505198319,0.704665821,0.732386357,0.002821458,0.222222222,0.675,3.296839631
4967655141,TNC,Southeast Asia,dire,0.545454545,0.494801681,0.295334179,0.550613788,0.03235272,0.194444444,0.675,2.788001358
4967689210,Fnatic,Southeast Asia,radiant,0.818181818,0.69231834,0.595533173,0.30139705,0.184203596,0.75,0.45,3.791633977
4967689210,EG,North America,dire,0.181818182,0.30768166,0.404466827,0.201247273,0.092073584,0.027777778,0.425,1.640065304
4967695591,RNG,China,radiant,0.454545455,0.502821985,0.294193706,0.329765449,0.071006696,0.180555556,0.55,2.382888846
4967695591,VG,China,dire,0.545454545,0.497178015,0.705806294,0.325755295,0.146602964,0.319444444,0.575,3.115241558
4967701639,VP,CIS,radiant,0.757575758,0.754394905,0.553181487,0.285601727,0.18262358,0.666666667,0.525,3.725044124
4967701639,NiP,Europe,dire,0.242424242,0.245605095,0.446818513,0.197675672,0.188059589,0.013888889,0.45,1.784472
4967721543,Na`Vi,CIS,radiant,0.090909091,0.354133276,0.34180089,0.344048137,0.064893537,0.069444444,0.475,1.740229375
4967721543,OG,Europe,dire,0.909090909,0.645866724,0.65819911,0.519402231,0.055187721,0.375,0.45,3.612746695
4967744940,Fnatic,Southeast Asia,radiant,0.666666667,0.605421774,0.562416954,0.401271802,0.048792416,0.527777778,0.475,3.28734739
4967744940,EG,North America,dire,0.333333333,0.394578226,0.437583046,0.250513813,0.021744037,0.097222222,0.425,1.959974678
4967765768,VG,China,radiant,0.787878788,0.592023777,0.582803401,0.213656822,0.017925664,0.652777778,0.325,3.17206623
4967765768,RNG,China,dire,0.212121212,0.407976223,0.417196599,0.119390338,0.034816793,0.013888889,0.325,1.530390053
4967770591,NiP,Europe,radiant,0.46969697,0.343238001,0.491493019,0.185240107,0.031205327,0.111111111,0.5,2.131984535
4967770591,VP,CIS,dire,0.53030303,0.656761999,0.508506981,0.303757057,0.061752314,0.444444444,0.5,3.005525825
4967784803,Na`Vi,CIS,radiant,0.681818182,0.512325306,0.491359432,0.407147662,0.45553382,0.263888889,0.5,3.31207329
4967784803,OG,Europe,dire,0.318181818,0.487674694,0.508640568,0.538635358,0.01820781,0.138888889,0.5,2.510229138
4967813166,KG,China,radiant,0.257575758,0.400303918,0.446220017,0.135170794,0.003855993,0.083333333,0.35,1.676459813
4967813166,PSG.LGD,China,dire,0.742424242,0.599696082,0.553779983,0.254546265,0.010326537,0.555555556,0.375,3.091328665
4967821629,Liquid,Europe,radiant,0.909090909,0.79910937,0.691415934,0.340818458,0.047250019,0.833333333,0.45,4.071018023
4967821629,CHAOS,Europe,dire,0.090909091,0.20089063,0.308584066,0.264770485,0.032390339,0.055555556,0.425,1.378100167
4967877032,TNC,Southeast Asia,radiant,0.439393939,0.495915182,0.674458328,0.276626268,0.149668949,0.125,0.55,2.711062666
4967877032,Mineski,Southeast Asia,dire,0.560606061,0.504084818,0.325541672,0.445390925,0.075615078,0.263888889,0.575,2.750127442
4967878474,KG,China,radiant,0.212121212,0.262780189,0.346880902,0.482325963,0.012282748,0.083333333,0.55,1.949724348
4967878474,PSG.LGD,China,dire,0.787878788,0.737219811,0.653119098,0.502596008,0.199872094,0.333333333,0.575,3.789019131
4967893095,Secret,Europe,radiant,0.333333333,0.365283036,0.535280018,0.483500392,0,0.152777778,0.625,2.495174557
4967893095,Newbee,North America,dire,0.666666667,0.634716964,0.464719982,0.604566892,0.145417952,0.347222222,0.625,3.488310679
4967897880,Liquid,Europe,radiant,0.742424242,0.537734127,0.529196514,0.166642509,0.012226319,0.680555556,0.275,2.943779267
4967897880,CHAOS,Europe,dire,0.257575758,0.462265873,0.470803486,0.138961671,0.006263637,0,0.225,1.560870424
4967956396,RNG,China,radiant,0.439393939,0.433223597,0.432966181,0.259314595,0.03299225,0.083333333,0.45,2.131223896
4967956396,VP,CIS,dire,0.560606061,0.566776403,0.567033819,0.277265514,0.277067188,0.277777778,0.45,2.976526762
4967962327,Mineski,Southeast Asia,radiant,0.787878788,0.651319184,0.692836663,0.331857864,0.180855466,0.569444444,0.525,3.73919241
4967962327,TNC,Southeast Asia,dire,0.212121212,0.348680816,0.307163337,0.20721233,0.08962832,0.027777778,0.55,1.742583793
4967969353,Infamous,South America,radiant,0.181818182,0.387179566,0.393807154,0.233711306,0.007824844,0.055555556,0.4,1.659896607
4967969353,OG,Europe,dire,0.818181818,0.612820434,0.606192846,0.378652901,0,0.375,0.4,3.190847999
4967996576,Newbee,North America,radiant,0.318181818,0.571240311,0.6333878,0.456830455,0.309908961,0.166666667,0.625,3.081216012
4967996576,Secret,Europe,dire,0.681818182,0.428759689,0.3666122,0.44656907,0.204536905,0.347222222,0.6,3.075518267
4968049919,Na`Vi,CIS,radiant,0.621212121,0.508191332,0.596690733,0.456020248,0.333289444,0.388888889,0.55,3.454292767
4968049919,EG,North America,dire,0.378787879,0.491808668,0.403309267,0.477717446,0.012226319,0.138888889,0.5,2.402738467
4968051649,VP,CIS,radiant,0.272727273,0.436680978,0.43301511,0.287920852,0.264652773,0.097222222,0.525,2.317219208
4968051649,RNG,China,dire,0.727272727,0.563319022,0.56698489,0.369718323,0.053701753,0.361111111,0.5,3.142107826
4968053464,OG,Europe,radiant,0.712121212,0.537535107,0.512423105,0.214069358,0.112425702,0.347222222,0.25,2.685796706
4968053464,Infamous,South America,dire,0.287878788,0.462464893,0.487576895,0.172748795,0.020596644,0.069444444,0.225,1.72571046
4968097430,VG,China,radiant,0.909090909,0.655245473,0.60033165,0.335682191,0.037356106,0.5,0.4,3.437706329
4968097430,Fnatic,Southeast Asia,dire,0.090909091,0.344754527,0.39966835,0.209460841,0.05797156,0.055555556,0.375,1.533319923
4968129116,CHAOS,Europe,radiant,0.439393939,0.370575737,0.318842515,0.690530611,0.020653074,0.194444444,0.675,2.70944032
4968129116,Alliance,Europe,dire,0.560606061,0.629424263,0.681157485,0.615307711,0.106256113,0.208333333,0.7,3.501084967
4968140678,NiP,Europe,radiant,0.5,0.5,0.502161992,0,0,0,0,1.502161992
4968140678,Fnatic,Southeast Asia,dire,0.5,0.5,0.497838008,0,0,0,0,1.497838008
4968150000,EG,North America,radiant,0.681818182,0.605848763,0.62274766,0.656561377,0.083966594,0.263888889,0.925,3.839831464
4968150000,Na`Vi,CIS,dire,0.318181818,0.394151237,0.37725234,0.662526434,0.110695207,0.138888889,0.95,2.951695926
4968169805,Secret,Europe,radiant,0.787878788,0.576756492,0.570513136,0.265383715,0.083026108,0.555555556,0.275,3.114113794
4968169805,Liquid,Europe,dire,0.212121212,0.423243508,0.429486864,0.220889221,0.074448875,0.013888889,0.25,1.624078569
4968187584,Fnatic,Southeast Asia,radiant,0.227272727,0,0,0.50500433,0.01551802,0.125,0.675,1.547795077
4968187584,VG,China,dire,0.772727273,1,1,0.562830076,0.187608156,0.388888889,0.675,4.587054393
4968242416,Liquid,Europe,radiant,0.212121212,0.425356262,0.484892327,0.168511932,0.06000301,0.041666667,0.35,1.742551409
4968242416,Secret,Europe,dire,0.787878788,0.574643738,0.515107673,0.30932816,0,0.486111111,0.35,3.02306947
4968280282,CHAOS,Europe,radiant,0.257575758,0.397523793,0.469928244,0.166895234,0.058084418,0.041666667,0.4,1.791674114
4968280282,Alliance,Europe,dire,0.742424242,0.602476207,0.530071756,0.233350801,0.040328042,0.541666667,0.4,3.090317715
4968324806,TNC,Southeast Asia,radiant,0.96969697,0.816520798,0.544647954,0.516956743,0.226262132,0.930555556,0.575,4.579640153
4968324806,PSG.LGD,China,dire,0.03030303,0.183479202,0.455352046,0.331114555,0.27490407,0.013888889,0.575,1.864041793
4968350012,Mineski,Southeast Asia,radiant,0.181818182,0.465927131,0.452892465,0.202499749,0.017154465,0.069444444,0.3,1.689736437
4968350012,KG,China,dire,0.818181818,0.534072869,0.547107535,0.225468006,0.097547212,0.430555556,0.275,2.927932996
4968447861,KG,China,radiant,0.666666667,0.60728154,0.555096829,0.253535365,0.161763599,0.402777778,0.425,3.072121778
4968447861,Mineski,Southeast Asia,dire,0.333333333,0.39271846,0.444903171,0.311498623,0.03570085,0.125,0.425,2.068154437
4968466397,TNC,Southeast Asia,radiant,0.227272727,0.276651641,0.365986938,0.21112957,0.018527575,0.013888889,0.4,1.51345734
4968466397,PSG.LGD,China,dire,0.772727273,0.723348359,0.634013062,0.32177859,0,0.611111111,0.4,3.462978396
4969185780,VG,China,radiant,0.621212121,0.564126135,0.484757919,0.412763364,0.047927169,0.263888889,0.55,2.944675597
4969185780,VP,CIS,dire,0.378787879,0.435873865,0.515242081,0.424964786,0.062316605,0.180555556,0.55,2.547740771
4969185930,OG,Europe,radiant,0.787878788,0.622224509,0.660543634,0.285709507,0.143160785,0.541666667,0.35,3.39118389
4969185930,EG,North America,dire,0.212121212,0.377775491,0.339456366,0.188651897,0.020107592,0.069444444,0.35,1.557557002
4969186537,Fnatic,Southeast Asia,radiant,0.454545455,0.421162937,0.127826164,0.485340083,0.009875103,0.166666667,0.675,2.340416409
4969186537,NiP,Europe,dire,0.545454545,0.578837063,0.872173836,0.50799615,0.114889775,0.222222222,0.7,3.541573591
4969187966,Na`Vi,CIS,radiant,0.696969697,0.558597543,0.657247475,0.676441184,0.260571063,0.291666667,0.75,3.891493629
4969187966,Infamous,South America,dire,0.303030303,0.441402457,0.342752525,0.648187998,0.02558122,0.222222222,0.7,2.683176725
4969232153,OG,Europe,radiant,0.545454545,0.535591245,0.537220687,0.329813764,0.139304793,0.222222222,0.4,2.709607256
4969232153,EG,North America,dire,0.454545455,0.464408755,0.462779313,0.286746424,0.084662554,0.152777778,0.375,2.280920277
4969238891,VP,CIS,radiant,0.393939394,0.371910377,0.446206274,0.224602051,0.083778497,0.111111111,0.475,2.106547703
4969238891,VG,China,dire,0.606060606,0.628089623,0.553793726,0.360980722,0.036302761,0.263888889,0.5,2.949116328
4969247132,Na`Vi,CIS,radiant,0.833333333,0.476526401,0.538261147,0.338246608,0.231698142,0.416666667,0.425,3.259732297
4969247132,Infamous,South America,dire,0.166666667,0.523473599,0.461738853,0.328802863,0.02560003,0.041666667,0.425,1.972948679
4969248720,NiP,Europe,radiant,0.287878788,0.397109428,0.467343067,0.15364203,0,0.055555556,0.375,1.736528868
4969248720,Fnatic,Southeast Asia,dire,0.712121212,0.602890572,0.532656933,0.251561879,0.110168535,0.486111111,0.425,3.120510242
4969274267,Newbee,North America,radiant,0.181818182,0.43131043,0.442762679,0.137103398,0.007523888,0,0.3,1.500518577
4969274267,PSG.LGD,China,dire,0.818181818,0.56868957,0.557237321,0.181263403,0.051538635,0.638888889,0.3,3.115799636
4969288250,Alliance,Europe,radiant,0.318181818,0.384427285,0.406580935,0.447996224,0.141768866,0.111111111,0.55,2.36006624
4969288250,TNC,Southeast Asia,dire,0.681818182,0.615572715,0.593419065,0.657401316,0.038127304,0.319444444,0.6,3.505783026
4969292028,Secret,Europe,radiant,0.712121212,0.551508919,0.548773085,0.334329368,0.158396659,0.5,0.425,3.230129243
4969292028,KG,China,dire,0.287878788,0.448491081,0.451226915,0.259987289,0.027575051,0.097222222,0.425,1.997381347
4969295489,Liquid,Europe,radiant,0.393939394,0.352071402,0.453716042,0.31972334,0.066529983,0.166666667,0.475,2.227646828
4969295489,Mineski,Southeast Asia,dire,0.606060606,0.647928598,0.546283958,0.327167583,0.165995787,0.333333333,0.45,3.076769865
4969319314,Newbee,North America,radiant,0.333333333,0.482954078,0.5566535,0.637751935,0,0.25,0.775,3.035692847
4969319314,PSG.LGD,China,dire,0.666666667,0.517045922,0.4433465,0.710339804,0.008313897,0.263888889,0.775,3.384601678
4969348313,KG,China,radiant,0.242424242,0.478563118,0.469698933,0.100331888,0.027198856,0,0.275,1.593217038
4969348313,Secret,Europe,dire,0.757575758,0.521436882,0.530301067,0.176803547,0.194624182,0.916666667,0.275,3.372408101
4969351370,Liquid,Europe,radiant,0.833333333,0.611998152,0.618030343,0.321644795,0.06131969,0.569444444,0.35,3.365770757
4969351370,Mineski,Southeast Asia,dire,0.166666667,0.388001848,0.381969657,0.190684848,0.046892634,0.055555556,0.35,1.57977121
4969357844,Alliance,Europe,radiant,0.939393939,0.74080832,0.56160641,0.381585256,0.038541118,0.430555556,0.45,3.542490599
4969357844,TNC,Southeast Asia,dire,0.060606061,0.25919168,0.43839359,0.205443254,0.007523888,0.027777778,0.45,1.448936251
4969402562,VG,China,radiant,0.5,0.657660782,0.544844641,0.571630858,0.057708224,0.208333333,0.675,3.215177838
4969402562,Infamous,South America,dire,0.5,0.342339218,0.455155359,0.572452215,0.139869084,0.222222222,0.65,2.882038097
4969405346,VP,CIS,radiant,0.257575758,0.253447643,0.401639736,0.166181657,0,0.041666667,0.425,1.54551146
4969405346,Na`Vi,CIS,dire,0.742424242,0.746552357,0.598360264,0.303664143,0.020126401,0.486111111,0.475,3.372238519
4969405883,NiP,Europe,radiant,0.424242424,0.418904064,0.54333314,0.359490387,0.014107291,0.125,0.45,2.335077307
4969405883,OG,Europe,dire,0.575757576,0.581095936,0.45666686,0.381016624,0.406026635,0.277777778,0.475,3.153341408
4969415357,EG,North America,radiant,0.833333333,0.549551218,0.526455499,0.402613475,0.508991047,0.458333333,0.475,3.754277906
4969415357,RNG,China,dire,0.166666667,0.450448782,0.473544501,0.376924706,0.012978707,0.069444444,0.475,2.025007808
4969485474,NiP,Europe,radiant,0.575757576,0.471156155,0.545389324,0.26204254,0.07211647,0.180555556,0.35,2.45701762
4969485474,OG,Europe,dire,0.424242424,0.528843845,0.454610676,0.299111374,0.274114062,0.180555556,0.375,2.536477937
4969495247,VG,China,radiant,0.803030303,0.636626076,0.550188017,0.311323945,0.069878113,0.694444444,0.4,3.465490898
4969495247,Infamous,South America,dire,0.196969697,0.363373924,0.449811983,0.20722348,0.067075465,0.041666667,0.35,1.676121215
4969496405,RNG,China,radiant,0.257575758,0.434249437,0.396189817,0.140098934,0.031995335,0.027777778,0.35,1.637887059
4969496405,EG,North America,dire,0.742424242,0.565750563,0.603810183,0.247949396,0.088687834,0.597222222,0.375,3.22084444
4969499647,Na`Vi,CIS,radiant,0.787878788,0.683812067,0.579036958,0.409537401,0.076706042,0.333333333,0.625,3.495304589
4969499647,VP,CIS,dire,0.212121212,0.316187933,0.420963042,0.379652652,0.064216387,0.069444444,0.6,2.062585671
4969560020,CHAOS,Europe,radiant,0.015151515,0.180215806,0.289717055,0.312598721,0.005981491,0.027777778,0.45,1.281442366
4969560020,Mineski,Southeast Asia,dire,0.984848485,0.819784194,0.710282945,0.406422936,0.103227748,0.666666667,0.475,4.166232974
4969565764,TNC,Southeast Asia,radiant,0.333333333,0.281645757,0.323080404,0.250900333,0.01147393,0.069444444,0.55,1.819878201
4969565764,Newbee,North America,dire,0.666666667,0.718354243,0.676919596,0.303697592,0.061206832,0.638888889,0.575,3.640733819
4969568760,Liquid,Europe,radiant,0.409090909,0.416540655,0.44863939,0.436653324,0.027198856,0.138888889,0.5,2.377012024
4969568760,PSG.LGD,China,dire,0.590909091,0.583459345,0.55136061,0.388178409,0.165299827,0.347222222,0.525,3.151429504
4969584026,KG,China,radiant,0.212121212,0.322720344,0.386541516,0.210724466,0.008182229,0.041666667,0.4,1.581956434
4969584026,Alliance,Europe,dire,0.787878788,0.677279656,0.613458484,0.253847555,0.122037469,0.569444444,0.4,3.423946396
4969641209,Mineski,Southeast Asia,radiant,0.53030303,0.587141663,0.648957355,0.353276322,0.12670228,0.222222222,0.55,3.018602872
4969641209,CHAOS,Europe,dire,0.46969697,0.412858337,0.351042645,0.377623417,0.030546987,0.125,0.525,2.291768356
4969661339,Alliance,Europe,radiant,0.757575758,0.60408286,0.546573191,0.499886645,0.240519901,0.375,0.5,3.523638355
4969661339,KG,China,dire,0.242424242,0.39591714,0.453426809,0.422805472,0.007053645,0.111111111,0.475,2.10773842
4969661567,Newbee,North America,radiant,0.257575758,0.350066211,0.431362214,0.158339744,0.057576556,0.027777778,0.425,1.707698261
4969661567,TNC,Southeast Asia,dire,0.742424242,0.649933789,0.568637786,0.23987334,0.125159883,0.652777778,0.4,3.378806818
4969674124,Liquid,Europe,radiant,0.363636364,0.352873002,0.526083447,0.335671041,0.066642841,0.125,0.475,2.244906695
4969674124,PSG.LGD,China,dire,0.636363636,0.647126998,0.473916553,0.428800262,0.035531563,0.416666667,0.5,3.138405678
4969729714,Fnatic,Southeast Asia,radiant,0.560606061,0.535405222,0.478386427,0.32982863,0.012564894,0.263888889,0.425,2.605680122
4969729714,Infamous,South America,dire,0.439393939,0.464594778,0.521613573,0.246830715,0.044710706,0.263888889,0.4,2.3810326
4969740895,RNG,China,radiant,0.03030303,0.3250566,0.3900525,0.274727113,0,0.027777778,0.375,1.42291702
4969740895,OG,Europe,dire,0.96969697,0.6749434,0.6099475,0.327260496,0.116450982,0.902777778,0.35,3.951077126
4969748381,NiP,Europe,radiant,0.272727273,0.438310885,0.411410662,0.222725195,0.034083214,0.083333333,0.425,1.887590562
4969748381,Na`Vi,CIS,dire,0.727272727,0.561689115,0.588589338,0.260347794,0.08690091,0.402777778,0.45,3.077577663
4969752692,VG,China,radiant,0.424242424,0.583202281,0.565929847,0.446914709,0.075784365,0.166666667,0.725,2.987740293
4969752692,EG,North America,dire,0.575757576,0.416797719,0.434070153,0.48615029,0,0.291666667,0.675,2.879442404
4969823336,Fnatic,Southeast Asia,radiant,0.484848485,0.469609997,0.474310488,0.23968008,0.120344594,0.152777778,0.375,2.316571421
4969823336,Infamous,South America,dire,0.515151515,0.530390003,0.525689512,0.299159689,0.084079452,0.263888889,0.375,2.59335906
4969839520,Na`Vi,CIS,radiant,0.712121212,0.578643724,0.581151683,0.356487418,0.015894214,0.430555556,0.475,3.149853806
4969839520,NiP,Europe,dire,0.287878788,0.421356276,0.418848317,0.220673661,0.026183131,0.069444444,0.425,1.869384618
4969840552,RNG,China,radiant,0.272727273,0.434556264,0.478626152,0.447918177,0,0.138888889,0.5,2.272716753
4969840552,OG,Europe,dire,0.727272727,0.565443736,0.521373848,0.487194639,0.18663005,0.263888889,0.5,3.251803891
4969903576,EG,North America,radiant,0.666666667,0.607497857,0.639276898,0.296086105,0.178880445,0.319444444,0.45,3.157852417
4969903576,VG,China,dire,0.333333333,0.392502143,0.360723102,0.279729584,0.062373034,0.111111111,0.425,1.964772307
4970923003,TNC,Southeast Asia,radiant,0.166666667,0.230128112,0.321186187,0.259619351,0.023117147,0.055555556,0.575,1.631273019
4970923003,Secret,Europe,dire,0.833333333,0.769871888,0.678813813,0.3895015,0.022289519,0.458333333,0.55,3.702143387
4970923478,KG,China,radiant,0.621212121,0.577751092,0.542649137,0.211415744,0.074561734,0.416666667,0.375,2.819256494
4970923478,CHAOS,Europe,dire,0.378787879,0.422248908,0.457350863,0.157730231,0.002351215,0.069444444,0.35,1.837913541
4970923784,Newbee,North America,radiant,0.5,0.58027006,0.578583294,0.582494323,0.262038221,0.319444444,0.7,3.522830343
4970923784,Alliance,Europe,dire,0.5,0.41972994,0.421416706,0.544444321,0.047268829,0.208333333,0.675,2.816193128
4970925304,Mineski,Southeast Asia,radiant,0.121212121,0.293470132,0.400290931,0.195404862,0.100368671,0.027777778,0.45,1.588524495
4970925304,PSG.LGD,China,dire,0.878787879,0.706529868,0.599709069,0.371632344,0.053287939,0.597222222,0.45,3.657169321
4970976863,CHAOS,Europe,radiant,0.166666667,0.364589879,0.427714405,0.164208171,0.109265668,0.013888889,0.35,1.596333679
4970976863,KG,China,dire,0.833333333,0.635410121,0.572285595,0.265041793,0.143330073,0.694444444,0.375,3.518845359
4970980698,PSG.LGD,China,radiant,0.818181818,0.57404461,0.542678768,0.196270817,0.061206832,1,0.25,3.442382846
4970980698,Mineski,Southeast Asia,dire,0.181818182,0.42595539,0.457321232,0.11827909,0.032296291,0.013888889,0.275,1.504559073
4970995519,TNC,Southeast Asia,radiant,0.545454545,0.753329653,0.84408051,0.413116436,0.095308856,0.277777778,0.625,3.554067778
4970995519,Secret,Europe,dire,0.454545455,0.246670347,0.15591949,0.441068581,0.060209916,0.180555556,0.625,2.163969345
4971001716,Alliance,Europe,radiant,0.818181818,0.680911936,0.561509207,0.386249521,0.007147694,0.652777778,0.5,3.606777954
4971001716,Newbee,North America,dire,0.181818182,0.319088064,0.438490793,0.239442221,0.108795425,0.069444444,0.475,1.83207913
4971031352,Infamous,South America,radiant,0.287878788,0.461624751,0.479806271,0.260076487,0.007523888,0.069444444,0.4,1.966354629
4971031352,EG,North America,dire,0.712121212,0.538375249,0.520193729,0.278120319,0.153543751,0.458333333,0.425,3.085687595
4971034132,Fnatic,Southeast Asia,radiant,0.651515152,0.524290036,0.51238161,0.150631627,0.054190806,0.305555556,0.325,2.523564786
4971034132,Na`Vi,CIS,dire,0.348484848,0.475709964,0.48761839,0.105029602,0,0.041666667,0.35,1.808509472
4971068045,NiP,Europe,radiant,0.287878788,0.432199004,0.41238659,0.177662069,0.044861184,0.055555556,0.35,1.760543192
4971068045,RNG,China,dire,0.712121212,0.567800996,0.58761341,0.24916099,0.057087503,0.458333333,0.4,3.032117443
4971088106,VP,CIS,radiant,0.166666667,0.456344279,0.450226521,0.08748007,0.034139643,0.013888889,0.25,1.458746069
4971088106,OG,Europe,dire,0.833333333,0.543655721,0.549773479,0.23246998,0.073056956,0.5,0.25,2.982289469
4971090004,Fnatic,Southeast Asia,radiant,0.621212121,0.547325245,0.588768348,0.261897594,0.011662027,0.319444444,0.4,2.75030978
4971090004,Na`Vi,CIS,dire,0.378787879,0.452674755,0.411231652,0.222093382,0.099879618,0.125,0.4,2.089667285
4971103310,Infamous,South America,radiant,0.712121212,0.623966238,0.627608959,0.407444986,0.157098789,0.375,0.475,3.378240184
4971103310,EG,North America,dire,0.287878788,0.376033762,0.372391041,0.334556077,0.101497254,0.097222222,0.425,1.994579144
4971136869,NiP,Europe,radiant,0.303030303,0.371323396,0.499883681,0.280610406,0.17319991,0.111111111,0.425,2.164158807
4971136869,RNG,China,dire,0.696969697,0.628676604,0.500116319,0.393073101,0.075558649,0.361111111,0.45,3.10550548
4971147140,VP,CIS,radiant,0.090909091,0.321634368,0.395770227,0.250264804,0.013825145,0.069444444,0.4,1.541848079
4971147140,OG,Europe,dire,0.909090909,0.678365632,0.604229773,0.382146454,0.039500414,0.430555556,0.4,3.443888738
4971157392,Newbee,North America,radiant,0.590909091,0.500781891,0.597750275,0.871994708,0.509630577,0.291666667,0.8,4.162733208
4971157392,KG,China,dire,0.409090909,0.499218109,0.402249725,0.625829254,0.146132721,0.152777778,0.775,3.010298497
4971185236,Secret,Europe,radiant,0.848484848,0.547673084,0.542668304,0.17134394,0.055977729,0.986111111,0.25,3.402259018
4971185236,Mineski,Southeast Asia,dire,0.151515152,0.452326916,0.457331696,0.079017494,0.00537958,0.013888889,0.225,1.384459726
4971219200,TNC,Southeast Asia,radiant,0.666666667,0.760699979,0.74675146,0.579907607,0.255661726,0.444444444,0.7,4.154131882
4971219200,CHAOS,Europe,dire,0.333333333,0.239300021,0.25324854,0.477561351,0.149687759,0.125,0.65,2.228131005
4971219223,Liquid,Europe,radiant,0.681818182,0.525262525,0.540331527,0.23226557,0.035926567,0.319444444,0.35,2.685048814
4971219223,Alliance,Europe,dire,0.318181818,0.474737475,0.459668473,0.157626167,0.015047777,0.083333333,0.3,1.808595044
4971252360,Mineski,Southeast Asia,radiant,0.681818182,0.595581979,0.481285534,0.326197564,0.177300429,0.333333333,0.475,3.070517021
4971252360,Secret,Europe,dire,0.318181818,0.404418021,0.518714466,0.376133082,0.01484087,0.097222222,0.45,2.17951048
4971293020,KG,China,radiant,0.742424242,0.633741876,0.634156889,0.547306061,0.078267249,0.444444444,0.525,3.605340762
4971293020,Newbee,North America,dire,0.257575758,0.366258124,0.365843111,0.319686175,0.228255963,0.083333333,0.5,2.120952463
4971301802,Alliance,Europe,radiant,0.712121212,0.624484072,0.580558041,0.431349813,0.145794146,0.333333333,0.525,3.352640618
4971301802,Liquid,Europe,dire,0.287878788,0.375515928,0.419441959,0.363422493,0.137574298,0.111111111,0.525,2.219944577
4971343154,TNC,Southeast Asia,radiant,0.287878788,0.464840039,0.547839016,0.859139174,0.152678504,0.111111111,1,3.423486631
4971343154,CHAOS,Europe,dire,0.712121212,0.535159961,0.452160984,0.933748843,0.217158227,0.319444444,0.975,4.144793673
4971353216,VP,CIS,radiant,0.621212121,0.532427969,0.466319446,0.359282261,0.045218569,0.291666667,0.475,2.791127032
4971353216,Infamous,South America,dire,0.378787879,0.467572031,0.533680554,0.296762516,0.092750734,0.138888889,0.475,2.383442603
4971396775,VG,China,radiant,0.696969697,0.546150904,0.538544631,0.186893971,0.050203145,0.472222222,0.35,2.840984569
4971396775,NiP,Europe,dire,0.303030303,0.453849096,0.461455369,0.133817971,0.019580919,0.027777778,0.325,1.724511437
4971405416,Na`Vi,CIS,radiant,0.181818182,0.396397278,0.442559144,0.152322656,0.101892258,0.013888889,0.4,1.688878406
4971405416,RNG,China,dire,0.818181818,0.603602722,0.557440856,0.257534369,0.041550673,0.875,0.4,3.553310439
4971457523,Infamous,South America,radiant,0.424242424,0.554588811,0.489321539,0.412105535,0.096475058,0.152777778,0.45,2.579511146
4971457523,VP,CIS,dire,0.575757576,0.445411189,0.510678461,0.432093122,0.377304191,0.347222222,0.5,3.18846676
4971493281,NiP,Europe,radiant,0.848484848,0.848714572,0.734849506,0.462869843,0.141072906,0.791666667,0.6,4.427658342
4971493281,VG,China,dire,0.151515152,0.151285428,0.265150494,0.33551123,0.016928749,0.069444444,0.575,1.564835497
4971503549,RNG,China,radiant,0.666666667,0.479230771,0.448424901,0.338101662,0.153167557,0.486111111,0.525,3.096702669
4971503549,Na`Vi,CIS,dire,0.333333333,0.520769229,0.551575099,0.371606329,0.097133399,0.111111111,0.5,2.485528499
4971535610,Fnatic,Southeast Asia,radiant,0.257575758,0.373356578,0.370151696,0.536234469,0.009498909,0.138888889,0.425,2.110706299
4971535610,OG,Europe,dire,0.742424242,0.626643422,0.629848304,0.380986892,0.22577308,0.25,0.45,3.305675939
4971562774,Alliance,Europe,radiant,0.287878788,0.485354223,0.469628383,0.224932823,0.006113159,0.069444444,0.3,1.843351822
4971562774,Mineski,Southeast Asia,dire,0.712121212,0.514645777,0.530371617,0.26047044,0.054454142,0.388888889,0.35,2.810952077
4971602368,KG,China,radiant,0.287878788,0.281931048,0.295193159,0.477676564,0.07213528,0.111111111,0.675,2.200925949
4971602368,Liquid,Europe,dire,0.712121212,0.718068952,0.704806841,0.608428384,0.013072756,0.291666667,0.675,3.723164812
4971609890,Newbee,North America,radiant,1,0.788550603,0.654849576,0.422902102,0.103246558,0.833333333,0.425,4.227882173
4971609890,CHAOS,Europe,dire,0,0.211449397,0.345150424,0.21967391,0.000564292,0.013888889,0.425,1.215726911
4971649432,Fnatic,Southeast Asia,radiant,0.46969697,0.46387593,0.500880733,0.426001702,0.0067715,0.180555556,0.425,2.472782391
4971649432,OG,Europe,dire,0.53030303,0.53612407,0.499119267,0.346162852,0.399706568,0.208333333,0.4,2.91974912
4971653414,Mineski,Southeast Asia,radiant,0.378787879,0.392521042,0.416022138,0.391419238,0.071965992,0.138888889,0.575,2.364605178
4971653414,Alliance,Europe,dire,0.621212121,0.607478958,0.583977862,0.402163773,0,0.25,0.525,2.989832714
4971714902,Newbee,North America,radiant,0.803030303,0.548093107,0.610695692,0.486585126,0.003047175,0.430555556,0.525,3.407006959
4971714902,CHAOS,Europe,dire,0.196969697,0.451906893,0.389304308,0.323885872,0.003103604,0.083333333,0.525,1.973503707
4971752684,Secret,Europe,radiant,0.212121212,0.263907371,0.384777746,0.245998209,0.004514333,0.055555556,0.4,1.566874426
4971752684,PSG.LGD,China,dire,0.787878788,0.736092629,0.615222254,0.330415844,0.000714769,0.430555556,0.475,3.375879841
4971762994,Liquid,Europe,radiant,0.772727273,0.555675187,0.561878959,0.467158737,0.017775186,0.305555556,0.525,3.205770898
4971762994,KG,China,dire,0.227272727,0.444324813,0.438121041,0.335942349,0.011191784,0.083333333,0.525,2.065186047
4971878070,Secret,Europe,radiant,0.303030303,0.422521284,0.438769551,0.421207357,0,0.125,0.425,2.135528495
4971878070,PSG.LGD,China,dire,0.696969697,0.577478716,0.561230449,0.35228772,0.139643368,0.486111111,0.45,3.263721061
4972913573,Infamous,South America,radiant,0.712121212,0.593696982,0.592494358,0.189904373,0.080486796,0.486111111,0.25,2.904814832
4972913573,NiP,Europe,dire,0.287878788,0.406303018,0.407505642,0.141028071,0.0445038,0.041666667,0.225,1.553885985
4972914135,Na`Vi,CIS,radiant,0.287878788,0.3030233,0.405219504,0.197735137,0,0.083333333,0.45,1.727190062
4972914135,VG,China,dire,0.712121212,0.6969767,0.594780496,0.273563834,0.070028591,0.347222222,0.45,3.144693055
4972914236,VP,CIS,radiant,0.257575758,0.383569183,0.478219032,0.164895732,0.006865548,0.041666667,0.35,1.68279192
4972914236,EG,North America,dire,0.742424242,0.616430817,0.521780968,0.236353771,0.077213904,0.5,0.325,3.019203702
4972915024,RNG,China,radiant,0.5,0.456115405,0.519555292,0.28646025,0.047419306,0.166666667,0.5,2.47621692
4972915024,Fnatic,Southeast Asia,dire,0.5,0.543884595,0.480444708,0.280848265,0.056711308,0.166666667,0.5,2.528555543
4972958554,NiP,Europe,radiant,0.772727273,0.479332215,0.547019926,0.301865335,0.2277481,0.5,0.375,3.203692848
4972958554,Infamous,South America,dire,0.227272727,0.520667785,0.452980074,0.254891904,0.013768716,0.055555556,0.325,1.850136762
4972964911,EG,North America,radiant,0.46969697,0.326067394,0.431126413,0.373754492,0.130370175,0.180555556,0.55,2.461571
4972964911,VP,CIS,dire,0.53030303,0.673932606,0.568873587,0.351392032,0.033368445,0.291666667,0.55,2.999536367
4972973191,VG,China,radiant,0.787878788,0.702628151,0.637163036,0.302482281,0.045030472,0.527777778,0.425,3.427960506
4972973191,Na`Vi,CIS,dire,0.212121212,0.297371849,0.362836964,0.192974241,0.007523888,0.083333333,0.425,1.581161487
4972974534,Fnatic,Southeast Asia,radiant,0.742424242,0.696510758,0.590661422,0.337298888,0.477992627,0.444444444,0.425,3.714332381
4972974534,RNG,China,dire,0.257575758,0.303489242,0.409338578,0.290674813,0.057388458,0.055555556,0.35,1.724022405
4973017840,CHAOS,Europe,radiant,0.227272727,0.460077575,0.460475063,0.182445265,0,0.055555556,0.2,1.585826185
4973017840,Secret,Europe,dire,0.772727273,0.539922425,0.539524937,0.23834584,0.076894139,0.333333333,0.25,2.750747947
4973034496,Mineski,Southeast Asia,radiant,0.681818182,0.544324478,0.562902799,0.324956238,0.070875028,0.5,0.35,3.034876725
4973034496,Newbee,North America,dire,0.318181818,0.455675522,0.437097201,0.129332099,0.094669325,0.055555556,0.35,1.840511521
4973040677,Liquid,Europe,radiant,0.409090909,0.299937754,0.067840734,1,0.087897826,0.194444444,0.775,2.834211667
4973040677,TNC,Southeast Asia,dire,0.590909091,0.700062246,0.932159266,0.747549867,1,0.305555556,0.775,5.051236025
4973059153,PSG.LGD,China,radiant,0.196969697,0.359571581,0.388682989,0.224806461,0.023549771,0.069444444,0.45,1.713024944
4973059153,Alliance,Europe,dire,0.803030303,0.640428419,0.611317011,0.409028235,0,0.486111111,0.425,3.374915078
4973073617,Secret,Europe,radiant,0.378787879,0.453592383,0.465335591,0.269694909,0.023625009,0.097222222,0.3,1.988257993
4973073617,CHAOS,Europe,dire,0.621212121,0.546407617,0.534664409,0.406214809,0.031186517,0.25,0.325,2.714685474
4973107373,Newbee,North America,radiant,0.818181818,0.729625166,0.634102394,0.400654855,0.179463547,0.694444444,0.45,3.906472225
4973107373,Mineski,Southeast Asia,dire,0.181818182,0.270374834,0.365897606,0.260332928,0.086712813,0.013888889,0.45,1.629025252
4973135794,Alliance,Europe,radiant,0.03030303,0.368091973,0.420664439,0.171459153,0.007335791,0.027777778,0.325,1.350632164
4973135794,PSG.LGD,China,dire,0.96969697,0.631908027,0.579335561,0.282189938,0.007523888,0.541666667,0.325,3.337321051
4973135877,Fnatic,Southeast Asia,radiant,0.333333333,0.249222417,0.390454212,0.24956981,0.088650214,0.083333333,0.475,1.86956332
4973135877,VP,CIS,dire,0.666666667,0.750777583,0.609545788,0.286590329,0.035644421,0.430555556,0.5,3.279780343
4973159453,TNC,Southeast Asia,radiant,0.954545455,0.704500992,0.645085773,0.391820625,0.083985404,0.527777778,0.425,3.732716025
4973159453,Liquid,Europe,dire,0.045454545,0.295499008,0.354914227,0.312364578,0.00470243,0.055555556,0.4,1.468490345
4973182943,RNG,China,radiant,0.712121212,0.521960411,0.531149305,0.132227289,0.009498909,0.513888889,0.15,2.570846016
4973182943,Infamous,South America,dire,0.287878788,0.478039589,0.468850695,0.069038567,0.002802648,0,0.125,1.431610286
4973205314,NiP,Europe,radiant,0.121212121,0.399849644,0.463926938,0.159175967,0.037412535,0.041666667,0.4,1.623243872
4973205314,EG,North America,dire,0.878787879,0.600150356,0.536073062,0.281762535,0.039914228,0.833333333,0.4,3.570021393
4973234250,Fnatic,Southeast Asia,radiant,0.484848485,0.463520539,0.524039073,0.568311982,0.225679031,0.208333333,0.6,3.074732443
4973234250,VP,CIS,dire,0.515151515,0.536479461,0.475960927,0.570304051,0.05388985,0.25,0.625,3.026785804
4973241299,RNG,China,radiant,0.363636364,0.374983067,0.429952078,0.271664678,0.061413739,0.125,0.375,2.001649925
4973241299,Infamous,South America,dire,0.636363636,0.625016933,0.570047922,0.274381474,0.111710932,0.222222222,0.35,2.78974312
4973241356,VG,China,radiant,0.878787879,0.661477984,0.645241706,0.475193911,0.188228877,0.402777778,0.475,3.726708134
4973241356,OG,Europe,dire,0.121212121,0.338522016,0.354758294,0.469269736,0.010646302,0.083333333,0.45,1.827741802
4973304079,NiP,Europe,radiant,0.378787879,0.344235649,0.433524949,0.299174555,0.036773004,0.125,0.45,2.067496036
4973304079,EG,North America,dire,0.621212121,0.655764351,0.566475051,0.341873957,0.000846437,0.263888889,0.4,2.850060807
4973348952,OG,Europe,radiant,0.560606061,0.457362919,0.490125651,0.449962277,0.191972011,0.208333333,0.475,2.833362252
4973348952,VG,China,dire,0.439393939,0.542637081,0.509874349,0.372862521,0.035832518,0.125,0.475,2.500600409
